GROUP_NUMBER,TYPE_TOKEN_RATIO,TYPE,TOKEN
1,0.8333333333333334,85,102
2,0.7927927927927928,88,111
3,0.8809523809523809,74,84
4,0.9,90,100
5,0.8846153846153846,69,78
6,0.7904761904761904,83,105
7,0.8155339805825242,84,103
8,0.8173076923076923,85,104
9,0.7864077669902912,81,103
10,0.7706422018348624,84,109
